Designator,Footprint,Quantity,Value,LCSC Part #
"D1, D10, D11, D12, D13, D14, D15, D17, D18, D19, D2, D20, D21, D22, D23, D24, D25, D26, D27, D28, D29, D3, D31, D32, D33, D35, D36, D37, D38, D39, D4, D40, D41, D42, D43, D44, D45, D46, D48, D49, D5, D50, D51, D52, D53, D54, D55, D56, D57, D58, D59, D6, D60, D61, D62, D64, D66, D68, D7, D70, D72, D73, D74, D75, D8, D9",D_SOD-123_CLEAN,66,D_Small,
"H1, H2, H3, H4",MountingHole_2.2mm_M2_Pad,4,MountingHole_Pad,
"MX1, MX10, MX11, MX12, MX13, MX15, MX17, MX18, MX19, MX2, MX20, MX21, MX22, MX23, MX24, MX25, MX26, MX27, MX28, MX29, MX3, MX30, MX33, MX34, MX35, MX36, MX37, MX38, MX39, MX4, MX40, MX41, MX42, MX43, MX44, MX46, MX47, MX48, MX49, MX5, MX50, MX51, MX52, MX53, MX54, MX55, MX56, MX57, MX58, MX59, MX6, MX60, MX62, MX64, MX66, MX68, MX7, MX70, MX71, MX72, MX73, MX8, MX9",SW_MX_HS_S_1u_MOD,63,MX_SW_HS,
"S1, S3, S4",STAB_MX_P_2u,3,MX_stab,
S5,STAB_MX_P_6.25u,1,MX_stab,
"SW1, SW2",ROT_Alps_EC11E-Switch,2,RotaryEncoder_Switch,
SW76,SW_SPST_TL3342,1,SW_Push_45deg,
